<?xml version="1.0" encoding="UTF-8"?>
<!DOCTYPE generatorConfiguration
  PUBLIC "-//mybatis.org//DTD MyBatis Generator Configuration 1.0//EN"
  "http://mybatis.org/dtd/mybatis-generator-config_1_0.dtd">

<generatorConfiguration>
	<context id="testTables" targetRuntime="MyBatis3">
		<commentGenerator>
			<!-- 是否去除自动生成的注释 true：是 ： false:否 -->
			<property name="suppressAllComments" value="true" />
		</commentGenerator>
		
		<!--数据库连接的信息：驱动类、连接地址、用户名、密码 -->
		<!-- 注意：请更改dbName username password-->
		<jdbcConnection 
			driverClass="com.mysql.jdbc.Driver"
			connectionURL="jdbc:mysql://127.0.0.1:3306/dbName" 
			userId="username"
			password="password">
		</jdbcConnection>
		
		<!-- 默认false，把JDBC DECIMAL 和 NUMERIC 类型解析为 Integer，
		            为 true时把JDBC DECIMAL 和  NUMERIC 类型解析为java.math.BigDecimal -->
		<javaTypeResolver>
			<property name="forceBigDecimals" value="false" />
		</javaTypeResolver>

		<!-- targetProject:生成PO类的位置 -->
		<javaModelGenerator targetPackage="com.gqz.shop.pojo" targetProject=".\src">
			<!-- enableSubPackages:是否让schema作为包的后缀 -->
			<property name="enableSubPackages" value="false" />
			<!-- 从数据库返回的值被清理前后的空格 -->
			<property name="trimStrings" value="true" />
		</javaModelGenerator>
		
        <!-- targetProject:mapper映射文件生成的位置 -->
		<sqlMapGenerator targetPackage="com.gqz.shop.mapper"  targetProject=".\src">
			<!-- enableSubPackages:是否让schema作为包的后缀 -->
			<property name="enableSubPackages" value="false" />
		</sqlMapGenerator>
		
		<!-- targetPackage：mapper接口生成的位置 -->
		<javaClientGenerator type="XMLMAPPER"	targetPackage="com.gqz.shop.mapper" targetProject=".\src">
			<!-- enableSubPackages:是否让schema作为包的后缀 -->
			<property name="enableSubPackages" value="false" />
		</javaClientGenerator>
		
		
		<!-- 指定数据库表 -->
		<!-- 根据自己的数据库填写 -->
		<table schema="" tableName="adminuser"></table>
		<table schema="" tableName="category"></table>
		<table schema="" tableName="comment"></table>
		<table schema="" tableName="orderitem"></table>
		<table schema="" tableName="orders"></table>
		<table schema="" tableName="product"></table>
		<table schema="" tableName="shopcart"></table>
		<table schema="" tableName="user"></table>
		
	</context>
</generatorConfiguration>
